Problem	MODE_best	MODE_rand
MOQMKP	0.009227097805987405	0.04992753261032534
