Problem	MODE_best	MODE_rand
MOQMKP	0.3615020513534546	0.40345001220703125
