Problem	MODE_best	MODE_rand
MOQMKP	0.016470947962103646	0.011148601453964208
