Problem	MODE_best	MODE_rand
MOQMKP	5.987582510167902	5.8945721929723565
