Problem	MODE_best	MODE_rand
MOQMKP	0.6293740544027916	0.6122910599321215
