Problem	MODE_best	MODE_rand
MOQMKP	0.0906869438408562	0.08873341082542938
