Problem	MODE_best	MODE_rand
MOQMKP	0.6310460292868212	0.6081563296516566
