Problem	MODE_best	MODE_rand
MOQMKP	0.0879847352897779	0.0900269462938551
