Problem	MODE_best	MODE_rand
MOQMKP	5.851189374923706	5.812528610229492
