Problem	MODE_best	MODE_rand
MOQMKP	0.0186495463364221	0.033364848109721866
