Problem	MODE_best	MODE_rand
MOQMKP	0.42389228861716205	0.4840631163585504
