Problem	MODE_best	MODE_rand
MOQMKP	0.014939441766776685	0.008823338247608201
